"","date_use","total_cases","new_case","avg_cases","total_deaths","new_deaths","avg_deaths"
"1",2023-04-25,3533811,313,283,34386,1,2
"2",2023-04-24,3533498,340,293,34385,3,2
"3",2023-04-23,3533158,203,301,34382,1,2
"4",2023-04-22,3532955,213,301,34381,4,3
"5",2023-04-21,3532742,267,305,34377,0,3
"6",2023-04-20,3532475,328,315,34377,0,3
"7",2023-04-19,3532147,316,324,34377,6,3
"8",2023-04-18,3531831,383,342,34371,2,3
"9",2023-04-17,3531448,395,352,34369,2,3
"10",2023-04-16,3531053,204,385,34367,5,4
"11",2023-04-15,3530849,242,386,34362,3,4
"12",2023-04-14,3530607,335,394,34359,3,4
"13",2023-04-13,3530272,391,400,34356,2,4
"14",2023-04-12,3529881,442,401,34354,3,4
"15",2023-04-11,3529439,453,395,34351,5,5
"16",2023-04-10,3528986,630,389,34346,5,5
"17",2023-04-09,3528356,208,364,34341,5,5
"18",2023-04-08,3528148,297,366,34336,2,6
"19",2023-04-07,3527851,379,363,34334,5,6
"20",2023-04-06,3527472,399,362,34329,6,6
"21",2023-04-05,3527073,396,367,34323,5,6
"22",2023-04-04,3526677,411,373,34318,7,6
"23",2023-04-03,3526266,459,387,34311,6,6
"24",2023-04-02,3525807,220,388,34305,8,5
"25",2023-04-01,3525587,280,395,34297,6,5
"26",2023-03-31,3525307,372,391,34291,6,5
"27",2023-03-30,3524935,433,394,34285,5,4
"28",2023-03-29,3524502,437,396,34280,5,4
"29",2023-03-28,3524065,511,395,34275,4,4
"30",2023-03-27,3523554,461,394,34271,2,4
"31",2023-03-26,3523093,271,412,34269,6,4
"32",2023-03-25,3522822,249,411,34263,6,5
"33",2023-03-24,3522573,399,427,34257,3,5
"34",2023-03-23,3522174,442,449,34254,3,6
"35",2023-03-22,3521732,431,478,34251,4,7
"36",2023-03-21,3521301,503,498,34247,4,7
"37",2023-03-20,3520798,589,507,34243,5,8
"38",2023-03-19,3520209,263,533,34238,7,10
"39",2023-03-18,3519946,365,547,34231,8,10
"40",2023-03-17,3519581,548,556,34223,9,9
"41",2023-03-16,3519033,648,559,34214,11,9
"42",2023-03-15,3518385,570,564,34203,7,9
"43",2023-03-14,3517815,567,580,34196,9,10
"44",2023-03-13,3517248,772,595,34187,16,10
"45",2023-03-12,3516476,359,603,34171,7,8
"46",2023-03-11,3516117,426,615,34164,6,8
"47",2023-03-10,3515691,574,622,34158,10,9
"48",2023-03-09,3515117,678,633,34148,11,9
"49",2023-03-08,3514439,687,656,34137,13,9
"50",2023-03-07,3513752,666,672,34124,8,9
"51",2023-03-06,3513086,830,719,34116,4,9
"52",2023-03-05,3512256,442,745,34112,5,10
"53",2023-03-04,3511814,475,758,34107,11,12
"54",2023-03-03,3511339,652,765,34096,9,11
"55",2023-03-02,3510687,843,777,34087,15,11
"56",2023-03-01,3509844,793,794,34072,8,11
"57",2023-02-28,3509051,996,833,34064,13,11
"58",2023-02-27,3508055,1016,866,34051,12,10
"59",2023-02-26,3507039,529,872,34039,14,9
"60",2023-02-25,3506510,526,887,34025,8,9
"61",2023-02-24,3505984,737,905,34017,7,10
"62",2023-02-23,3505247,961,935,34010,13,10
"63",2023-02-22,3504286,1065,937,33997,7,10
"64",2023-02-21,3503221,1229,934,33990,6,10
"65",2023-02-20,3501992,1058,909,33984,10,11
"66",2023-02-19,3500934,634,928,33974,11,11
"67",2023-02-18,3500300,650,935,33963,15,11
"68",2023-02-17,3499650,946,945,33948,6,10
"69",2023-02-16,3498704,976,941,33942,13,11
"70",2023-02-15,3497728,1046,942,33929,9,11
"71",2023-02-14,3496682,1053,950,33920,14,12
"72",2023-02-13,3495629,1190,951,33906,12,11
"73",2023-02-12,3494439,683,961,33894,9,11
"74",2023-02-11,3493756,719,960,33885,7,12
"75",2023-02-10,3493037,920,948,33878,12,12
"76",2023-02-09,3492117,985,939,33866,11,12
"77",2023-02-08,3491132,1098,934,33855,17,12
"78",2023-02-07,3490034,1064,924,33838,10,12
"79",2023-02-06,3488970,1256,938,33828,13,12
"80",2023-02-05,3487714,675,935,33815,13,12
"81",2023-02-04,3487039,638,932,33802,10,12
"82",2023-02-03,3486401,857,933,33792,10,13
"83",2023-02-02,3485544,948,949,33782,12,13
"84",2023-02-01,3484596,1028,937,33770,13,14
"85",2023-01-31,3483568,1164,928,33757,14,15
"86",2023-01-30,3482404,1235,911,33743,13,16
"87",2023-01-29,3481169,656,890,33730,11,15
"88",2023-01-28,3480513,643,883,33719,15,15
"89",2023-01-27,3479870,972,870,33704,16,15
"90",2023-01-26,3478898,861,849,33688,16,15
"91",2023-01-25,3478037,962,853,33672,19,15
"92",2023-01-24,3477075,1049,853,33653,19,15
"93",2023-01-23,3476026,1087,875,33634,10,15
"94",2023-01-22,3474939,605,848,33624,10,17
"95",2023-01-21,3474334,556,855,33614,13,18
"96",2023-01-20,3473778,822,865,33601,21,18
"97",2023-01-19,3472956,890,885,33580,16,19
"98",2023-01-18,3472066,959,915,33564,19,20
"99",2023-01-17,3471107,1205,957,33545,17,19
"100",2023-01-16,3469902,901,956,33528,21,20
"101",2023-01-15,3469001,655,1047,33507,19,19
"102",2023-01-14,3468346,621,1087,33488,16,19
"103",2023-01-13,3467725,967,1152,33472,23,19
"104",2023-01-12,3466758,1096,1238,33449,22,19
"105",2023-01-11,3465662,1255,1318,33427,17,19
"106",2023-01-10,3464407,1198,1415,33410,21,19
"107",2023-01-09,3463209,1539,1587,33389,18,19
"108",2023-01-08,3461670,936,1653,33371,13,19
"109",2023-01-07,3460734,1070,1660,33358,16,20
"110",2023-01-06,3459664,1573,1688,33342,23,20
"111",2023-01-05,3458091,1657,1779,33319,28,20
"112",2023-01-04,3456434,1930,1896,33291,15,19
"113",2023-01-03,3454504,2401,2032,33276,22,19
"114",2023-01-02,3452103,2006,2144,33254,18,20
"115",2023-01-01,3450097,980,2228,33236,16,21
"116",2022-12-31,3449117,1272,2214,33220,15,22
"117",2022-12-30,3447845,2206,2230,33205,29,22
"118",2022-12-29,3445639,2476,2239,33176,17,22
"119",2022-12-28,3443163,2882,2242,33159,17,23
"120",2022-12-27,3440281,3183,2210,33142,26,24
"121",2022-12-26,3437098,2595,2167,33116,25,23
"122",2022-12-25,3434503,885,2229,33091,24,21
"123",2022-12-24,3433618,1384,2310,33067,18,20
"124",2022-12-23,3432234,2267,2349,33049,28,20
"125",2022-12-22,3429967,2495,2338,33021,21,19
"126",2022-12-21,3427472,2660,2359,33000,23,18
"127",2022-12-20,3424812,2881,2383,32977,20,18
"128",2022-12-19,3421931,3031,2399,32957,12,18
"129",2022-12-18,3418900,1453,2472,32945,21,20
"130",2022-12-17,3417447,1653,2493,32924,17,20
"131",2022-12-16,3415794,2193,2523,32907,21,22
"132",2022-12-15,3413601,2642,2603,32886,11,21
"133",2022-12-14,3410959,2828,2654,32875,23,23
"134",2022-12-13,3408131,2996,2710,32852,21,22
"135",2022-12-12,3405135,3540,2770,32831,24,22
"136",2022-12-11,3401595,1596,2874,32807,24,22
"137",2022-12-10,3399999,1866,2948,32783,27,21
"138",2022-12-09,3398133,2751,3016,32756,17,19
"139",2022-12-08,3395382,2998,3074,32739,22,19
"140",2022-12-07,3392384,3223,3188,32717,19,17
"141",2022-12-06,3389161,3417,3343,32698,20,16
"142",2022-12-05,3385744,4265,3518,32678,24,15
"143",2022-12-04,3381479,2118,3694,32654,16,14
"144",2022-12-03,3379361,2339,3776,32638,15,15
"145",2022-12-02,3377022,3159,3809,32623,15,14
"146",2022-12-01,3373863,3797,3774,32608,8,14
"147",2022-11-30,3370066,4303,3404,32600,15,14
"148",2022-11-29,3365763,4646,3218,32585,15,14
"149",2022-11-28,3361117,5496,2969,32570,16,13
"150",2022-11-27,3355621,2695,2637,32554,21,12
"151",2022-11-26,3352926,2570,2491,32533,9,10
"152",2022-11-25,3350356,2910,2347,32524,12,10
"153",2022-11-24,3347446,1210,2232,32512,10,10
"154",2022-11-23,3346236,2999,2347,32502,13,9
"155",2022-11-22,3343237,2904,2209,32489,10,9
"156",2022-11-21,3340333,3173,2077,32479,8,10
"157",2022-11-20,3337160,1669,1927,32471,7,10
"158",2022-11-19,3335491,1562,1844,32464,11,10
"159",2022-11-18,3333929,2106,1770,32453,8,9
"160",2022-11-17,3331823,2018,1662,32445,7,9
"161",2022-11-16,3329805,2034,1590,32438,14,9
"162",2022-11-15,3327771,1976,1517,32424,12,8
"163",2022-11-14,3325795,2126,1455,32412,10,7
"164",2022-11-13,3323669,1087,1405,32402,7,6
"165",2022-11-12,3322582,1042,1384,32395,3,7
"166",2022-11-11,3321540,1351,1366,32392,8,7
"167",2022-11-10,3320189,1512,1346,32384,6,8
"168",2022-11-09,3318677,1527,1317,32378,9,8
"169",2022-11-08,3317150,1538,1294,32369,5,8
"170",2022-11-07,3315612,1777,1271,32364,7,8
"171",2022-11-06,3313835,944,1218,32357,8,8
"172",2022-11-05,3312891,911,1182,32349,5,7
"173",2022-11-04,3311980,1214,1151,32344,13,6
"174",2022-11-03,3310766,1305,1112,32331,9,6
"175",2022-11-02,3309461,1370,1072,32322,7,6
"176",2022-11-01,3308091,1375,1013,32315,6,5
"177",2022-10-31,3306716,1404,972,32309,6,5
"178",2022-10-30,3305312,693,924,32303,2,5
"179",2022-10-29,3304619,698,906,32301,2,6
"180",2022-10-28,3303921,941,899,32299,9,7
"181",2022-10-27,3302980,1020,881,32290,8,7
"182",2022-10-26,3301960,957,865,32282,0,7
"183",2022-10-25,3301003,1089,853,32282,10,8
"184",2022-10-24,3299914,1073,838,32272,6,7
"185",2022-10-23,3298841,567,829,32266,8,7
"186",2022-10-22,3298274,645,822,32258,7,6
"187",2022-10-21,3297629,816,809,32251,10,6
"188",2022-10-20,3296813,911,808,32241,8,6
"189",2022-10-19,3295902,873,797,32233,4,6
"190",2022-10-18,3295029,979,798,32229,7,6
"191",2022-10-17,3294050,1009,794,32222,4,6
"192",2022-10-16,3293041,520,805,32218,2,6
"193",2022-10-15,3292521,552,816,32216,5,7
"194",2022-10-14,3291969,813,833,32211,9,7
"195",2022-10-13,3291156,834,849,32202,10,7
"196",2022-10-12,3290322,881,861,32192,5,7
"197",2022-10-11,3289441,952,875,32187,7,8
"198",2022-10-10,3288489,1083,896,32180,7,8
"199",2022-10-09,3287406,595,916,32173,6,8
"200",2022-10-08,3286811,670,929,32167,7,8
"201",2022-10-07,3286141,927,947,32160,9,8
"202",2022-10-06,3285214,919,961,32151,9,7
"203",2022-10-05,3284295,980,995,32142,10,7
"204",2022-10-04,3283315,1099,1032,32132,9,7
"205",2022-10-03,3282216,1220,1053,32123,4,7
"206",2022-10-02,3280996,690,1100,32119,8,8
"207",2022-10-01,3280306,793,1117,32111,5,8
"208",2022-09-30,3279513,1025,1117,32106,7,9
"209",2022-09-29,3278488,1159,1128,32099,9,8
"210",2022-09-28,3277329,1237,1139,32090,4,9
"211",2022-09-27,3276092,1245,1134,32086,9,10
"212",2022-09-26,3274847,1552,1162,32077,12,9
"213",2022-09-25,3273295,809,1168,32065,10,9
"214",2022-09-24,3272486,791,1180,32055,10,9
"215",2022-09-23,3271695,1106,1202,32045,5,9
"216",2022-09-22,3270589,1234,1216,32040,10,9
"217",2022-09-21,3269355,1201,1225,32030,11,9
"218",2022-09-20,3268154,1438,1251,32019,5,9
"219",2022-09-19,3266716,1595,1268,32014,10,9
"220",2022-09-18,3265121,896,1305,32004,13,9
"221",2022-09-17,3264225,942,1318,31991,9,8
"222",2022-09-16,3263283,1207,1339,31982,5,8
"223",2022-09-15,3262076,1297,1386,31977,10,10
"224",2022-09-14,3260779,1384,1442,31967,8,10
"225",2022-09-13,3259395,1557,1513,31959,8,10
"226",2022-09-12,3257838,1855,1649,31951,8,11
"227",2022-09-11,3255983,983,1525,31943,9,12
"228",2022-09-10,3255000,1091,1528,31934,10,13
"229",2022-09-09,3253909,1533,1535,31924,15,13
"230",2022-09-08,3252376,1688,1551,31909,11,13
"231",2022-09-07,3250688,1887,1586,31898,12,13
"232",2022-09-06,3248801,2506,1634,31886,13,13
"233",2022-09-05,3246295,985,1614,31873,14,13
"234",2022-09-04,3245310,1006,1883,31859,15,12
"235",2022-09-03,3244304,1139,1945,31844,13,11
"236",2022-09-02,3243165,1643,2002,31831,14,11
"237",2022-09-01,3241522,1934,2091,31817,11,11
"238",2022-08-31,3239588,2222,2175,31806,13,11
"239",2022-08-30,3237366,2370,2256,31793,9,12
"240",2022-08-29,3234996,2864,2358,31784,7,12
"241",2022-08-28,3232132,1441,2448,31777,13,13
"242",2022-08-27,3230691,1537,2488,31764,9,13
"243",2022-08-26,3229154,2272,2544,31755,15,14
"244",2022-08-25,3226882,2518,2589,31740,10,14
"245",2022-08-24,3224364,2789,2650,31730,19,16
"246",2022-08-23,3221575,3082,2715,31711,11,15
"247",2022-08-22,3218493,3500,2781,31700,15,16
"248",2022-08-21,3214993,1716,2817,31685,12,16
"249",2022-08-20,3213277,1933,2856,31673,18,17
"250",2022-08-19,3211344,2588,2897,31655,14,16
"251",2022-08-18,3208756,2941,2983,31641,20,16
"252",2022-08-17,3205815,3247,3047,31621,16,15
"253",2022-08-16,3202568,3541,3105,31605,20,15
"254",2022-08-15,3199027,3756,3149,31585,13,15
"255",2022-08-14,3195271,1984,3265,31572,16,16
"256",2022-08-13,3193287,2220,3313,31556,12,14
"257",2022-08-12,3191067,3193,3370,31544,17,15
"258",2022-08-11,3187874,3389,3460,31527,12,16
"259",2022-08-10,3184485,3652,3529,31515,18,17
"260",2022-08-09,3180833,3852,3661,31497,17,18
"261",2022-08-08,3176981,4566,3810,31480,17,18
"262",2022-08-07,3172415,2321,3945,31463,8,18
"263",2022-08-06,3170094,2615,3999,31455,14,19
"264",2022-08-05,3167479,3828,4054,31441,25,19
"265",2022-08-04,3163651,3868,4164,31416,17,18
"266",2022-08-03,3159783,4574,4320,31399,27,18
"267",2022-08-02,3155209,4897,4418,31372,18,17
"268",2022-08-01,3150312,5509,4574,31354,19,18
"269",2022-07-31,3144803,2704,4739,31335,13,18
"270",2022-07-30,3142099,2998,4797,31322,17,19
"271",2022-07-29,3139101,4596,4899,31305,15,18
"272",2022-07-28,3134505,4961,5078,31290,20,18
"273",2022-07-27,3129544,5258,5211,31270,20,18
"274",2022-07-26,3124286,5991,5381,31250,19,17
"275",2022-07-25,3118295,6663,5531,31231,22,16
"276",2022-07-24,3111632,3110,5662,31209,17,15
"277",2022-07-23,3108522,3714,5737,31192,13,17
"278",2022-07-22,3104808,5850,5836,31179,18,17
"279",2022-07-21,3098958,5888,5923,31161,14,16
"280",2022-07-20,3093070,6450,6077,31147,14,15
"281",2022-07-19,3086620,7041,6144,31133,15,15
"282",2022-07-18,3079579,7578,6198,31118,14,15
"283",2022-07-17,3072001,3638,6200,31104,29,15
"284",2022-07-16,3068363,4406,6214,31075,12,13
"285",2022-07-15,3063957,6462,6241,31063,16,13
"286",2022-07-14,3057495,6961,6261,31047,5,13
"287",2022-07-13,3050534,6922,6228,31042,11,14
"288",2022-07-12,3043612,7417,6279,31031,21,14
"289",2022-07-11,3036195,7593,6475,31010,13,12
"290",2022-07-10,3028602,3737,5825,30997,12,12
"291",2022-07-09,3024865,4592,5713,30985,13,13
"292",2022-07-08,3020273,6604,5588,30972,16,14
"293",2022-07-07,3013669,6729,5443,30956,12,13
"294",2022-07-06,3006940,7283,5312,30944,11,12
"295",2022-07-05,2999657,8787,5147,30933,8,12
"296",2022-07-04,2990870,3044,4794,30925,15,12
"297",2022-07-03,2987826,2955,5331,30910,16,11
"298",2022-07-02,2984871,3711,5363,30894,19,11
"299",2022-07-01,2981160,5593,5314,30875,10,9
"300",2022-06-30,2975567,5809,5210,30865,8,9
"301",2022-06-29,2969758,6132,5102,30857,8,10
"302",2022-06-28,2963626,6315,4934,30849,10,10
"303",2022-06-27,2957311,6799,4816,30839,8,10
"304",2022-06-26,2950512,3181,4576,30831,13,10
"305",2022-06-25,2947331,3369,4484,30818,6,9
"306",2022-06-24,2943962,4864,4419,30812,13,9
"307",2022-06-23,2939098,5056,4305,30799,10,9
"308",2022-06-22,2934042,4956,4199,30789,7,9
"309",2022-06-21,2929086,5490,4154,30782,12,8
"310",2022-06-20,2923596,5118,4032,30770,7,7
"311",2022-06-19,2918478,2537,4028,30763,5,7
"312",2022-06-18,2915941,2914,4010,30758,8,8
"313",2022-06-17,2913027,4065,3998,30750,12,8
"314",2022-06-16,2908962,4316,4060,30738,9,7
"315",2022-06-15,2904646,4636,4113,30729,5,7
"316",2022-06-14,2900010,4641,4221,30724,6,7
"317",2022-06-13,2895369,5084,4369,30718,6,7
"318",2022-06-12,2890285,2416,4529,30712,10,7
"319",2022-06-11,2887869,2829,4547,30702,9,7
"320",2022-06-10,2885040,4495,4573,30693,5,6
"321",2022-06-09,2880545,4692,4653,30688,7,6
"322",2022-06-08,2875853,5389,4770,30681,6,6
"323",2022-06-07,2870464,5678,4874,30675,8,6
"324",2022-06-06,2864786,6207,5104,30667,4,6
"325",2022-06-05,2858579,2536,4550,30663,8,6
"326",2022-06-04,2856043,3016,4483,30655,5,6
"327",2022-06-03,2853027,5053,4400,30650,6,6
"328",2022-06-02,2847974,5512,4283,30644,4,6
"329",2022-06-01,2842462,6115,4173,30640,6,6
"330",2022-05-31,2836347,7286,4058,30634,6,6
"331",2022-05-30,2829061,2332,3786,30628,8,6
"332",2022-05-29,2826729,2069,4297,30620,5,6
"333",2022-05-28,2824660,2432,4340,30615,9,5
"334",2022-05-27,2822228,4238,4336,30606,3,5
"335",2022-05-26,2817990,4740,4310,30603,3,5
"336",2022-05-25,2813250,5306,4250,30600,5,5
"337",2022-05-24,2807944,5386,4137,30595,10,5
"338",2022-05-23,2802558,5910,3996,30585,5,4
"339",2022-05-22,2796648,2367,3818,30580,3,4
"340",2022-05-21,2794281,2403,3768,30577,7,5
"341",2022-05-20,2791878,4056,3709,30570,2,4
"342",2022-05-19,2787822,4323,3596,30568,4,5
"343",2022-05-18,2783499,4515,3432,30564,3,5
"344",2022-05-17,2778984,4399,3262,30561,7,5
"345",2022-05-16,2774585,4663,3118,30554,3,5
"346",2022-05-15,2769922,2018,2974,30551,6,5
"347",2022-05-14,2767904,1992,2922,30545,6,5
"348",2022-05-13,2765912,3262,2902,30539,6,5
"349",2022-05-12,2762650,3175,2812,30533,1,5
"350",2022-05-11,2759475,3328,2759,30532,5,5
"351",2022-05-10,2756147,3386,2732,30527,8,5
"352",2022-05-09,2752761,3660,2689,30519,3,4
"353",2022-05-08,2749101,1652,2602,30516,5,4
"354",2022-05-07,2747449,1854,2574,30511,6,4
"355",2022-05-06,2745595,2628,2502,30505,6,3
"356",2022-05-05,2742967,2803,2432,30499,2,3
"357",2022-05-04,2740164,3138,2373,30497,2,3
"358",2022-05-03,2737026,3086,2267,30495,5,4
"359",2022-05-02,2733940,3055,2172,30490,3,3
"360",2022-05-01,2730885,1453,2070,30487,3,4
"361",2022-04-30,2729432,1352,2002,30484,1,4
"362",2022-04-29,2728080,2136,1963,30483,6,4
"363",2022-04-28,2725944,2388,1896,30477,2,4
"364",2022-04-27,2723556,2401,1805,30475,6,4
"365",2022-04-26,2721155,2422,1723,30469,3,4
"366",2022-04-25,2718733,2336,1641,30466,5,4
"367",2022-04-24,2716397,982,1593,30461,6,4
"368",2022-04-23,2715415,1073,1557,30455,2,3
"369",2022-04-22,2714342,1667,1518,30453,4,4
"370",2022-04-21,2712675,1755,1440,30449,1,4
"371",2022-04-20,2710920,1827,1370,30448,7,5
"372",2022-04-19,2709093,1849,1291,30441,3,5
"373",2022-04-18,2707244,1997,1204,30438,2,5
"374",2022-04-17,2705247,729,1111,30436,4,6
"375",2022-04-16,2704518,802,1109,30432,6,6
"376",2022-04-15,2703716,1118,1087,30426,8,6
"377",2022-04-14,2702598,1265,1062,30418,7,5
"378",2022-04-13,2701333,1278,1033,30411,4,5
"379",2022-04-12,2700055,1236,1003,30407,6,6
"380",2022-04-11,2698819,1351,981,30401,6,6
"381",2022-04-10,2697468,713,959,30395,4,6
"382",2022-04-09,2696755,648,933,30391,5,6
"383",2022-04-08,2696107,941,914,30386,3,6
"384",2022-04-07,2695166,1061,887,30383,9,7
"385",2022-04-06,2694105,1070,851,30374,10,7
"386",2022-04-05,2693035,1082,818,30364,6,6
"387",2022-04-04,2691953,1199,786,30358,7,7
"388",2022-04-03,2690754,532,731,30351,2,6
"389",2022-04-02,2690222,510,722,30349,6,7
"390",2022-04-01,2689712,753,709,30343,11,7
"391",2022-03-31,2688959,813,686,30332,6,7
"392",2022-03-30,2688146,835,666,30326,4,7
"393",2022-03-29,2687311,860,642,30322,10,7
"394",2022-03-28,2686451,814,640,30312,6,7
"395",2022-03-27,2685637,468,638,30306,6,7
"396",2022-03-26,2685169,421,626,30300,6,8
"397",2022-03-25,2684748,591,616,30294,14,8
"398",2022-03-24,2684157,670,625,30280,3,8
"399",2022-03-23,2683487,667,620,30277,6,9
"400",2022-03-22,2682820,849,625,30271,8,10
"401",2022-03-21,2681971,797,595,30263,7,10
"402",2022-03-20,2681174,384,584,30256,13,10
"403",2022-03-19,2680790,356,575,30243,8,9
"404",2022-03-18,2680434,652,571,30235,9,11
"405",2022-03-17,2679782,634,558,30226,13,12
"406",2022-03-16,2679148,700,559,30213,9,13
"407",2022-03-15,2678448,642,557,30204,11,15
"408",2022-03-14,2677806,723,577,30193,6,16
"409",2022-03-13,2677083,315,601,30187,8,18
"410",2022-03-12,2676768,331,609,30179,19,20
"411",2022-03-11,2676437,561,637,30160,17,21
"412",2022-03-10,2675876,642,660,30143,23,21
"413",2022-03-09,2675234,687,694,30120,18,21
"414",2022-03-08,2674547,781,728,30102,18,21
"415",2022-03-07,2673766,893,783,30084,24,23
"416",2022-03-06,2672873,371,837,30060,20,25
"417",2022-03-05,2672502,521,867,30040,26,25
"418",2022-03-04,2671981,726,876,30014,20,25
"419",2022-03-03,2671255,879,937,29994,22,27
"420",2022-03-02,2670376,922,1002,29972,20,28
"421",2022-03-01,2669454,1166,1078,29952,30,29
"422",2022-02-28,2668288,1273,1162,29922,35,30
"423",2022-02-27,2667015,585,1171,29887,21,30
"424",2022-02-26,2666430,579,1198,29866,27,34
"425",2022-02-25,2665851,1152,1256,29839,34,34
"426",2022-02-24,2664699,1340,1350,29805,26,36
"427",2022-02-23,2663359,1453,1456,29779,27,39
"428",2022-02-22,2661906,1749,1569,29752,40,44
"429",2022-02-21,2660157,1339,1680,29712,36,44
"430",2022-02-20,2658818,777,1929,29676,48,47
"431",2022-02-19,2658041,981,1981,29628,28,47
"432",2022-02-18,2657060,1808,2073,29600,45,50
"433",2022-02-17,2655252,2083,2264,29555,48,55
"434",2022-02-16,2653169,2243,2476,29507,65,57
"435",2022-02-15,2650926,2529,2769,29442,37,59
"436",2022-02-14,2648397,3082,3040,29405,57,66
"437",2022-02-13,2645315,1140,3387,29348,47,70
"438",2022-02-12,2644175,1628,3533,29301,52,73
"439",2022-02-11,2642547,3140,3673,29249,77,77
"440",2022-02-10,2639407,3569,3992,29172,64,78
"441",2022-02-09,2635838,4293,4384,29108,78,81
"442",2022-02-08,2631545,4425,4794,29030,90,84
"443",2022-02-07,2627120,5514,5330,28940,83,87
"444",2022-02-06,2621606,2163,5988,28857,69,89
"445",2022-02-05,2619443,2607,6241,28788,77,93
"446",2022-02-04,2616836,5376,6672,28711,85,95
"447",2022-02-03,2611460,6307,7497,28626,85,94
"448",2022-02-02,2605153,7167,8316,28541,102,92
"449",2022-02-01,2597986,8177,9421,28439,109,90
"450",2022-01-31,2589809,10117,10613,28330,97,86
"451",2022-01-30,2579692,3936,12074,28233,99,82
"452",2022-01-29,2575756,5621,12581,28134,86,82
"453",2022-01-28,2570135,11155,13363,28048,77,81
"454",2022-01-27,2558980,12039,15279,27971,75,83
"455",2022-01-26,2546941,14901,17634,27896,85,82
"456",2022-01-25,2532040,16524,20253,27811,84,82
"457",2022-01-24,2515516,20343,23479,27727,70,81
"458",2022-01-23,2495173,7484,23895,27657,95,80
"459",2022-01-22,2487689,11098,24497,27562,84,76
"460",2022-01-21,2476591,24564,25653,27478,85,76
"461",2022-01-20,2452027,28527,27319,27393,70,73
"462",2022-01-19,2423500,33229,28833,27323,87,73
"463",2022-01-18,2390271,39106,30115,27236,73,70
"464",2022-01-17,2351165,23257,31005,27163,67,68
"465",2022-01-16,2327908,11696,34510,27096,64,64
"466",2022-01-15,2316212,19195,35552,27032,87,59
"467",2022-01-14,2297017,36224,37271,26945,63,53
"468",2022-01-13,2260793,39127,39747,26882,68,49
"469",2022-01-12,2221666,42203,42080,26814,67,45
"470",2022-01-11,2179463,45336,44460,26747,59,41
"471",2022-01-10,2134127,47788,46562,26688,39,36
"472",2022-01-09,2086339,18993,46985,26649,33,35
"473",2022-01-08,2067346,31229,47252,26616,43,33
"474",2022-01-07,2036117,53556,44339,26573,33,30
"475",2022-01-06,1982561,55457,40002,26540,39,28
"476",2022-01-05,1927104,58862,36314,26501,40,24
"477",2022-01-04,1868242,60048,32460,26461,26,21
"478",2022-01-03,1808194,50750,28974,26435,34,20
"479",2022-01-02,1757444,20860,25967,26401,15,18
"480",2022-01-01,1736584,10842,24872,26386,22,18
"481",2021-12-31,1725742,23193,24034,26364,17,17
"482",2021-12-30,1702549,29643,22140,26347,14,16
"483",2021-12-29,1672906,31887,19885,26333,18,17
"484",2021-12-28,1641019,35643,17331,26315,19,16
"485",2021-12-27,1605376,29703,13866,26296,22,15
"486",2021-12-26,1575673,13195,10910,26274,12,14
"487",2021-12-25,1562478,4976,9613,26262,14,15
"488",2021-12-24,1557502,9935,9468,26248,12,14
"489",2021-12-23,1547567,13859,8655,26236,21,15
"490",2021-12-22,1533708,14008,7230,26215,14,14
"491",2021-12-21,1519700,11385,5749,26201,12,15
"492",2021-12-20,1508315,9013,4524,26189,12,14
"493",2021-12-19,1499302,4115,3653,26177,17,15
"494",2021-12-18,1495187,3964,3241,26160,13,14
"495",2021-12-17,1491223,4243,2831,26147,18,15
"496",2021-12-16,1486980,3883,2444,26129,13,13
"497",2021-12-15,1483097,3643,2110,26116,18,13
"498",2021-12-14,1479454,2805,1845,26098,10,12
"499",2021-12-13,1476649,2920,1681,26088,13,13
"500",2021-12-12,1473729,1229,1533,26075,12,12
"501",2021-12-11,1472500,1096,1485,26063,19,12
"502",2021-12-10,1471404,1535,1466,26044,7,10
"503",2021-12-09,1469869,1540,1463,26037,15,11
"504",2021-12-08,1468329,1788,1473,26022,10,11
"505",2021-12-07,1466541,1658,1474,26012,13,13
"506",2021-12-06,1464883,1886,1503,25999,9,13
"507",2021-12-05,1462997,891,1539,25990,11,14
"508",2021-12-04,1462106,964,1557,25979,8,15
"509",2021-12-03,1461142,1513,1542,25971,13,15
"510",2021-12-02,1459629,1612,1465,25958,14,15
"511",2021-12-01,1458017,1797,1307,25944,20,15
"512",2021-11-30,1456220,1855,1194,25924,16,14
"513",2021-11-29,1454365,2138,1084,25908,19,15
"514",2021-11-28,1452227,1019,927,25889,15,14
"515",2021-11-27,1451208,863,872,25874,11,14
"516",2021-11-26,1450345,971,846,25863,11,14
"517",2021-11-25,1449374,504,847,25852,16,14
"518",2021-11-24,1448870,1008,932,25836,11,13
"519",2021-11-23,1447862,1084,956,25825,23,13
"520",2021-11-22,1446778,1037,970,25802,12,10
"521",2021-11-21,1445741,639,1014,25790,12,12
"522",2021-11-20,1445102,676,1018,25778,10,12
"523",2021-11-19,1444426,983,1026,25768,11,12
"524",2021-11-18,1443443,1094,1040,25757,10,13
"525",2021-11-17,1442349,1177,1018,25747,12,13
"526",2021-11-16,1441172,1187,1027,25735,6,14
"527",2021-11-15,1439985,1344,1044,25729,20,16
"528",2021-11-14,1438641,665,1057,25709,15,15
"529",2021-11-13,1437976,729,1072,25694,12,15
"530",2021-11-12,1437247,1083,1082,25682,13,15
"531",2021-11-11,1436164,944,1116,25669,16,15
"532",2021-11-10,1435220,1236,1171,25653,18,15
"533",2021-11-09,1433984,1307,1198,25635,19,14
"534",2021-11-08,1432677,1432,1208,25616,11,13
"535",2021-11-07,1431245,770,1219,25605,13,13
"536",2021-11-06,1430475,804,1215,25592,12,13
"537",2021-11-05,1429671,1316,1217,25580,15,13
"538",2021-11-04,1428355,1329,1193,25565,16,13
"539",2021-11-03,1427026,1425,1177,25549,10,12
"540",2021-11-02,1425601,1380,1164,25539,14,12
"541",2021-11-01,1424221,1512,1156,25525,14,12
"542",2021-10-31,1422709,740,1139,25511,12,11
"543",2021-10-30,1421969,817,1131,25499,12,12
"544",2021-10-29,1421152,1150,1125,25487,10,12
"545",2021-10-28,1420002,1216,1119,25477,12,12
"546",2021-10-27,1418786,1331,1105,25465,10,12
"547",2021-10-26,1417455,1324,1091,25455,12,12
"548",2021-10-25,1416131,1395,1082,25443,12,12
"549",2021-10-24,1414736,682,1073,25431,13,11
"550",2021-10-23,1414054,775,1070,25418,13,12
"551",2021-10-22,1413279,1107,1061,25405,11,13
"552",2021-10-21,1412172,1118,1043,25394,15,13
"553",2021-10-20,1411054,1238,1033,25379,9,13
"554",2021-10-19,1409816,1260,1006,25370,9,13
"555",2021-10-18,1408556,1330,973,25361,10,14
"556",2021-10-17,1407226,663,951,25351,14,14
"557",2021-10-16,1406563,709,941,25337,23,13
"558",2021-10-15,1405854,981,933,25314,10,11
"559",2021-10-14,1404873,1053,927,25304,13,12
"560",2021-10-13,1403820,1046,912,25291,13,13
"561",2021-10-12,1402774,1030,921,25278,16,14
"562",2021-10-11,1401744,1177,932,25262,11,15
"563",2021-10-10,1400567,588,941,25251,8,15
"564",2021-10-09,1399979,655,944,25243,7,16
"565",2021-10-08,1399324,943,960,25236,19,19
"566",2021-10-07,1398381,945,997,25217,20,19
"567",2021-10-06,1397436,1110,1035,25197,17,18
"568",2021-10-05,1396326,1105,1061,25180,22,18
"569",2021-10-04,1395221,1238,1094,25158,14,18
"570",2021-10-03,1393983,615,1125,25144,15,18
"571",2021-10-02,1393368,762,1138,25129,25,18
"572",2021-10-01,1392606,1205,1154,25104,19,18
"573",2021-09-30,1391401,1213,1153,25085,12,18
"574",2021-09-29,1390188,1291,1165,25073,20,19
"575",2021-09-28,1388897,1335,1183,25053,18,20
"576",2021-09-27,1387562,1452,1209,25035,17,21
"577",2021-09-26,1386110,709,1283,25018,16,21
"578",2021-09-25,1385401,874,1290,25002,23,22
"579",2021-09-24,1384527,1198,1306,24979,21,22
"580",2021-09-23,1383329,1293,1332,24958,18,23
"581",2021-09-22,1382036,1418,1358,24940,28,23
"582",2021-09-21,1380618,1516,1409,24912,23,22
"583",2021-09-20,1379102,1971,1449,24889,21,21
"584",2021-09-19,1377131,763,1451,24868,18,21
"585",2021-09-18,1376368,982,1479,24850,27,21
"586",2021-09-17,1375386,1378,1510,24823,23,21
"587",2021-09-16,1374008,1476,1579,24800,23,21
"588",2021-09-15,1372532,1779,1655,24777,18,22
"589",2021-09-14,1370753,1793,1712,24759,20,23
"590",2021-09-13,1368960,1986,1785,24739,18,25
"591",2021-09-12,1366974,959,1686,24721,20,26
"592",2021-09-11,1366015,1196,1683,24701,22,28
"593",2021-09-10,1364819,1866,1701,24679,26,29
"594",2021-09-09,1362953,2009,1691,24653,33,30
"595",2021-09-08,1360944,2176,1714,24620,23,31
"596",2021-09-07,1358768,2301,1754,24597,30,32
"597",2021-09-06,1356467,1292,1777,24567,29,31
"598",2021-09-05,1355175,941,1983,24538,35,30
"599",2021-09-04,1354234,1321,2026,24503,28,29
"600",2021-09-03,1352913,1800,2056,24475,33,29
"601",2021-09-02,1351113,2166,2122,24442,40,28
"602",2021-09-01,1348947,2458,2183,24402,29,27
"603",2021-08-31,1346489,2463,2241,24373,25,27
"604",2021-08-30,1344026,2731,2313,24348,20,27
"605",2021-08-29,1341295,1243,2396,24328,30,29
"606",2021-08-28,1340052,1529,2408,24298,27,26
"607",2021-08-27,1338523,2261,2460,24271,26,25
"608",2021-08-26,1336262,2598,2565,24245,31,25
"609",2021-08-25,1333664,2863,2645,24214,28,24
"610",2021-08-24,1330801,2968,2747,24186,27,24
"611",2021-08-23,1327833,3312,2810,24159,31,24
"612",2021-08-22,1324521,1322,2846,24128,11,23
"613",2021-08-21,1323199,1894,2919,24117,23,24
"614",2021-08-20,1321305,2999,2987,24094,23,25
"615",2021-08-19,1318306,3155,3016,24071,26,26
"616",2021-08-18,1315151,3580,3045,24045,25,25
"617",2021-08-17,1311571,3409,3071,24020,28,24
"618",2021-08-16,1308162,3564,3163,23992,28,23
"619",2021-08-15,1304598,1834,3260,23964,15,23
"620",2021-08-14,1302764,2370,3297,23949,27,23
"621",2021-08-13,1300394,3203,3321,23922,30,22
"622",2021-08-12,1297191,3357,3323,23892,22,21
"623",2021-08-11,1293834,3759,3347,23870,15,21
"624",2021-08-10,1290075,4055,3351,23855,23,21
"625",2021-08-09,1286020,4242,3307,23832,26,20
"626",2021-08-08,1281778,2090,3229,23806,18,18
"627",2021-08-07,1279688,2544,3251,23788,22,16
"628",2021-08-06,1277144,3216,3230,23766,18,15
"629",2021-08-05,1273928,3522,3221,23748,23,13
"630",2021-08-04,1270406,3786,3176,23725,19,12
"631",2021-08-03,1266620,3751,3144,23706,11,10
"632",2021-08-02,1262869,3692,3088,23695,13,10
"633",2021-08-01,1259177,2244,3054,23682,8,9
"634",2021-07-31,1256933,2402,2992,23674,11,9
"635",2021-07-30,1254531,3151,2932,23663,6,9
"636",2021-07-29,1251380,3207,2840,23657,13,10
"637",2021-07-28,1248173,3561,2740,23644,6,10
"638",2021-07-27,1244612,3362,2637,23638,13,9
"639",2021-07-26,1241250,3452,2542,23625,7,9
"640",2021-07-25,1237798,1811,2438,23618,8,9
"641",2021-07-24,1235987,1978,2410,23610,7,9
"642",2021-07-23,1234009,2510,2355,23603,15,9
"643",2021-07-22,1231499,2509,2290,23588,12,7
"644",2021-07-21,1228990,2836,2226,23576,4,6
"645",2021-07-20,1226154,2700,2103,23572,8,6
"646",2021-07-19,1223454,2722,1982,23564,10,6
"647",2021-07-18,1220732,1615,1854,23554,5,5
"648",2021-07-17,1219117,1594,1774,23549,7,5
"649",2021-07-16,1217523,2051,1695,23542,2,5
"650",2021-07-15,1215472,2066,1583,23540,5,5
"651",2021-07-14,1213406,1971,1465,23535,6,5
"652",2021-07-13,1211435,1855,1365,23529,4,5
"653",2021-07-12,1209580,1827,1277,23525,4,5
"654",2021-07-11,1207753,1052,1148,23521,6,5
"655",2021-07-10,1206701,1040,1062,23515,6,5
"656",2021-07-09,1205661,1273,987,23509,7,5
"657",2021-07-08,1204388,1235,898,23502,2,5
"658",2021-07-07,1203153,1271,820,23500,4,5
"659",2021-07-06,1201882,1240,728,23496,5,6
"660",2021-07-05,1200642,924,628,23491,5,5
"661",2021-07-04,1199718,454,579,23486,8,6
"662",2021-07-03,1199264,515,560,23478,5,5
"663",2021-07-02,1198749,646,528,23473,4,5
"664",2021-07-01,1198103,690,483,23469,5,5
"665",2021-06-30,1197413,630,434,23464,7,4
"666",2021-06-29,1196783,540,390,23457,4,4
"667",2021-06-28,1196243,577,358,23453,6,3
"668",2021-06-27,1195666,323,320,23447,4,3
"669",2021-06-26,1195343,292,303,23443,3,3
"670",2021-06-25,1195051,331,288,23440,3,3
"671",2021-06-24,1194720,343,275,23437,3,3
"672",2021-06-23,1194377,323,260,23434,2,3
"673",2021-06-22,1194054,314,248,23432,2,3
"674",2021-06-21,1193740,317,239,23430,3,3
"675",2021-06-20,1193423,204,234,23427,2,3
"676",2021-06-19,1193219,184,224,23425,4,3
"677",2021-06-18,1193035,240,223,23421,3,3
"678",2021-06-17,1192795,236,216,23418,2,3
"679",2021-06-16,1192559,242,212,23416,7,4
"680",2021-06-15,1192317,253,209,23409,0,3
"681",2021-06-14,1192064,278,208,23409,4,3
"682",2021-06-13,1191786,136,200,23405,2,3
"683",2021-06-12,1191650,174,202,23403,1,4
"684",2021-06-11,1191476,190,196,23402,7,4
"685",2021-06-10,1191286,208,197,23395,5,3
"686",2021-06-09,1191078,225,199,23390,3,3
"687",2021-06-08,1190853,245,204,23387,2,3
"688",2021-06-07,1190608,223,209,23385,1,3
"689",2021-06-06,1190385,148,196,23384,6,4
"690",2021-06-05,1190237,135,195,23378,3,4
"691",2021-06-04,1190102,193,195,23375,3,4
"692",2021-06-03,1189909,223,194,23372,4,4
"693",2021-06-02,1189686,262,191,23368,5,5
"694",2021-06-01,1189424,277,183,23363,0,5
"695",2021-05-31,1189147,134,172,23363,5,5
"696",2021-05-30,1189013,140,184,23358,5,5
"697",2021-05-29,1188873,134,182,23353,5,5
"698",2021-05-28,1188739,189,183,23348,3,5
"699",2021-05-27,1188550,199,181,23345,11,5
"700",2021-05-26,1188351,211,184,23334,3,5
"701",2021-05-25,1188140,196,182,23331,5,6
"702",2021-05-24,1187944,219,183,23326,5,5
"703",2021-05-23,1187725,126,190,23321,6,5
"704",2021-05-22,1187599,138,193,23315,4,5
"705",2021-05-21,1187461,179,196,23311,3,5
"706",2021-05-20,1187282,220,202,23308,8,5
"707",2021-05-19,1187062,194,202,23300,9,5
"708",2021-05-18,1186868,207,211,23291,2,5
"709",2021-05-17,1186661,266,225,23289,5,6
"710",2021-05-16,1186395,149,228,23284,4,6
"711",2021-05-15,1186246,156,232,23280,3,7
"712",2021-05-14,1186090,220,236,23277,6,8
"713",2021-05-13,1185870,221,242,23271,7,8
"714",2021-05-12,1185649,260,252,23264,8,7
"715",2021-05-11,1185389,306,261,23256,10,7
"716",2021-05-10,1185083,286,260,23246,3,7
"717",2021-05-09,1184797,176,275,23243,9,7
"718",2021-05-08,1184621,185,277,23234,10,7
"719",2021-05-07,1184436,260,284,23224,6,6
"720",2021-05-06,1184176,291,291,23218,6,6
"721",2021-05-05,1183885,321,297,23212,8,7
"722",2021-05-04,1183564,303,304,23204,7,6
"723",2021-05-03,1183261,386,312,23197,6,6
"724",2021-05-02,1182875,193,310,23191,6,7
"725",2021-05-01,1182682,234,317,23185,5,7
"726",2021-04-30,1182448,306,327,23180,7,7
"727",2021-04-29,1182142,339,334,23173,7,7
"728",2021-04-28,1181803,370,339,23166,5,8
"729",2021-04-27,1181433,356,341,23161,9,9
"730",2021-04-26,1181077,374,350,23152,10,9
"731",2021-04-25,1180703,241,368,23142,4,8
"732",2021-04-24,1180462,300,376,23138,9,9
"733",2021-04-23,1180162,359,385,23129,8,9
"734",2021-04-22,1179803,370,399,23121,8,9
"735",2021-04-21,1179433,390,411,23113,16,9
"736",2021-04-20,1179043,417,429,23097,7,9
"737",2021-04-19,1178626,497,449,23090,6,9
"738",2021-04-18,1178129,296,459,23084,11,9
"739",2021-04-17,1177833,363,460,23073,5,9
"740",2021-04-16,1177470,458,466,23068,8,9
"741",2021-04-15,1177012,453,480,23060,12,10
"742",2021-04-14,1176559,521,483,23048,12,10
"743",2021-04-13,1176038,558,489,23036,11,11
"744",2021-04-12,1175480,567,494,23025,5,11
"745",2021-04-11,1174913,301,500,23020,7,12
"746",2021-04-10,1174612,407,503,23013,11,13
"747",2021-04-09,1174205,553,494,23002,11,13
"748",2021-04-08,1173652,477,492,22991,13,13
"749",2021-04-07,1173175,558,495,22978,16,13
"750",2021-04-06,1172617,593,489,22962,11,12
"751",2021-04-05,1172024,610,483,22951,16,13
"752",2021-04-04,1171414,326,484,22935,15,12
"753",2021-04-03,1171088,341,486,22920,7,12
"754",2021-04-02,1170747,540,486,22913,11,14
"755",2021-04-01,1170207,497,474,22902,12,15
"756",2021-03-31,1169710,516,474,22890,12,16
"757",2021-03-30,1169194,551,480,22878,15,17
"758",2021-03-29,1168643,614,474,22863,13,17
"759",2021-03-28,1168029,346,467,22850,14,18
"760",2021-03-27,1167683,338,462,22836,19,19
"761",2021-03-26,1167345,455,463,22817,21,21
"762",2021-03-25,1166890,501,466,22796,21,21
"763",2021-03-24,1166389,553,464,22775,18,22
"764",2021-03-23,1165836,513,464,22757,14,24
"765",2021-03-22,1165323,565,476,22743,19,25
"766",2021-03-21,1164758,306,481,22724,22,25
"767",2021-03-20,1164452,351,488,22702,31,25
"768",2021-03-19,1164101,470,495,22671,25,26
"769",2021-03-18,1163631,488,508,22646,26,27
"770",2021-03-17,1163143,555,521,22620,30,28
"771",2021-03-16,1162588,598,531,22590,24,29
"772",2021-03-15,1161990,600,538,22566,15,30
"773",2021-03-14,1161390,356,558,22551,25,33
"774",2021-03-13,1161034,397,573,22526,34,35
"775",2021-03-12,1160637,563,587,22492,38,35
"776",2021-03-11,1160074,579,598,22454,27,35
"777",2021-03-10,1159495,626,609,22427,37,37
"778",2021-03-09,1158869,643,614,22390,34,39
"779",2021-03-08,1158226,744,621,22356,37,41
"780",2021-03-07,1157482,457,632,22319,37,43
"781",2021-03-06,1157025,498,639,22282,35,48
"782",2021-03-05,1156527,637,657,22247,36,52
"783",2021-03-04,1155890,657,676,22211,45,56
"784",2021-03-03,1155233,665,693,22166,48,59
"785",2021-03-02,1154568,689,724,22118,51,62
"786",2021-03-01,1153879,822,753,22067,51,63
"787",2021-02-28,1153057,507,784,22016,73,65
"788",2021-02-27,1152550,620,794,21943,58,66
"789",2021-02-26,1151930,771,813,21885,67,67
"790",2021-02-25,1151159,775,840,21818,67,71
"791",2021-02-24,1150384,883,881,21751,67,76
"792",2021-02-23,1149501,896,935,21684,55,78
"793",2021-02-22,1148605,1035,1005,21629,69,85
"794",2021-02-21,1147570,575,1049,21560,76,88
"795",2021-02-20,1146995,758,1092,21484,67,90
"796",2021-02-19,1146237,961,1159,21417,96,93
"797",2021-02-18,1145276,1061,1251,21321,99,95
"798",2021-02-17,1144215,1258,1356,21222,86,101
"799",2021-02-16,1142957,1385,1459,21136,101,105
"800",2021-02-15,1141572,1347,1564,21035,90,107
"801",2021-02-14,1140225,871,1763,20945,92,115
"802",2021-02-13,1139354,1227,1837,20853,88,118
"803",2021-02-12,1138127,1610,1964,20765,108,121
"804",2021-02-11,1136517,1796,2132,20657,141,129
"805",2021-02-10,1134721,1975,2306,20516,115,128
"806",2021-02-09,1132746,2121,2502,20401,118,134
"807",2021-02-08,1130625,2743,2747,20283,140,137
"808",2021-02-07,1127882,1384,3014,20143,117,143
"809",2021-02-06,1126498,2122,3158,20026,110,149
"810",2021-02-05,1124376,2781,3345,19916,159,158
"811",2021-02-04,1121595,3019,3505,19757,136,159
"812",2021-02-03,1118576,3347,3753,19621,155,166
"813",2021-02-02,1115229,3833,4029,19466,144,166
"814",2021-02-01,1111396,4610,4319,19322,181,169
"815",2021-01-31,1106786,2393,4583,19141,157,176
"816",2021-01-30,1104393,3433,4699,18984,172,176
"817",2021-01-29,1100960,3897,4844,18812,168,179
"818",2021-01-28,1097063,4755,5228,18644,183,186
"819",2021-01-27,1092308,5285,5601,18461,154,189
"820",2021-01-26,1087023,5863,6069,18307,170,200
"821",2021-01-25,1081160,6452,6553,18137,229,206
"822",2021-01-24,1074708,3211,6583,17908,158,206
"823",2021-01-23,1071497,4448,6704,17750,194,218
"824",2021-01-22,1067049,6583,7074,17556,212,225
"825",2021-01-21,1060466,7367,7529,17344,205,236
"826",2021-01-20,1053099,8559,7996,17139,235,244
"827",2021-01-19,1044540,9249,8403,16904,208,245
"828",2021-01-18,1035291,6665,8939,16696,231,255
"829",2021-01-17,1028626,4056,10052,16465,244,263
"830",2021-01-16,1024570,7041,10278,16221,241,269
"831",2021-01-15,1017529,9767,10815,15980,288,276
"832",2021-01-14,1007762,10635,11499,15692,259,274
"833",2021-01-13,997127,11405,12220,15433,246,275
"834",2021-01-12,985722,13007,13224,15187,276,282
"835",2021-01-11,972715,14454,14202,14911,284,280
"836",2021-01-10,958261,5636,15272,14627,291,280
"837",2021-01-09,952625,10800,15665,14336,290,276
"838",2021-01-08,941825,14556,16165,14046,275,269
"839",2021-01-07,927269,15682,14871,13771,265,267
"840",2021-01-06,911587,18435,14174,13506,290,267
"841",2021-01-05,893152,19854,14390,13216,267,259
"842",2021-01-04,873298,21939,14673,12949,283,248
"843",2021-01-03,851359,8392,14607,12666,263,240
"844",2021-01-02,842967,14296,14629,12403,241,237
"845",2021-01-01,828671,5497,14554,12162,262,236
"846",2020-12-31,823174,10808,14375,11900,265,226
"847",2020-12-30,812366,19945,14106,11635,231,218
"848",2020-12-29,792421,21837,13683,11404,190,210
"849",2020-12-28,770584,21472,13249,11214,226,208
"850",2020-12-27,749112,8546,12742,10988,246,202
"851",2020-12-26,740566,13774,12556,10742,232,190
"852",2020-12-25,726792,4240,12330,10510,193,178
"853",2020-12-24,722552,8926,13920,10317,207,172
"854",2020-12-23,713626,16986,14984,10110,179,163
"855",2020-12-22,696640,18801,14874,9931,175,156
"856",2020-12-21,677839,17921,14683,9756,179,147
"857",2020-12-20,659918,7245,14615,9577,164,139
"858",2020-12-19,652673,12193,14561,9413,149,133
"859",2020-12-18,640480,15368,14485,9264,153,125
"860",2020-12-17,625112,16375,14259,9111,140,119
"861",2020-12-16,608737,16215,13831,8971,134,112
"862",2020-12-15,592522,17464,13303,8837,111,103
"863",2020-12-14,575058,17447,12720,8726,123,97
"864",2020-12-13,557611,6862,12136,8603,119,91
"865",2020-12-12,550749,11661,11978,8484,96,83
"866",2020-12-11,539088,13790,11533,8388,112,79
"867",2020-12-10,525298,13378,10986,8276,92,71
"868",2020-12-09,511920,12516,10480,8184,71,68
"869",2020-12-08,499404,13385,10155,8113,63,65
"870",2020-12-07,486019,13362,9748,8050,85,63
"871",2020-12-06,472657,5754,9303,7965,63,58
"872",2020-12-05,466903,8549,9175,7902,65,54
"873",2020-12-04,458354,9955,8873,7837,57,51
"874",2020-12-03,448399,9836,8193,7780,73,47
"875",2020-12-02,438563,10243,7220,7707,50,41
"876",2020-12-01,428320,10536,6647,7657,50,40
"877",2020-11-30,417784,10249,6009,7607,48,38
"878",2020-11-29,407535,4858,5428,7559,34,36
"879",2020-11-28,402677,6431,5186,7525,42,37
"880",2020-11-27,396246,5196,4826,7483,34,35
"881",2020-11-26,391050,3026,4791,7449,31,34
"882",2020-11-25,388024,6235,5054,7418,38,35
"883",2020-11-24,381789,6068,4866,7380,36,32
"884",2020-11-23,375721,6182,4681,7344,40,33
"885",2020-11-22,369539,3166,4516,7304,37,30
"886",2020-11-21,366373,3908,4448,7267,32,28
"887",2020-11-20,362465,4950,4334,7235,22,26
"888",2020-11-19,357515,4870,4154,7213,37,26
"889",2020-11-18,352645,4917,3932,7176,23,24
"890",2020-11-17,347728,4772,3691,7153,37,22
"891",2020-11-16,342956,5032,3448,7116,23,19
"892",2020-11-15,337924,2687,3171,7093,22,19
"893",2020-11-14,335237,3113,3004,7071,18,17
"894",2020-11-13,332124,3686,2837,7053,22,16
"895",2020-11-12,328438,3315,2641,7031,20,16
"896",2020-11-11,325123,3229,2496,7011,15,14
"897",2020-11-10,321894,3071,2384,6996,16,14
"898",2020-11-09,318823,3093,2276,6980,17,13
"899",2020-11-08,315730,1520,2204,6963,13,13
"900",2020-11-07,314210,1943,2180,6950,12,13
"901",2020-11-06,312267,2314,2108,6938,18,13
"902",2020-11-05,309953,2301,2009,6920,9,12
"903",2020-11-04,307652,2447,1890,6911,11,13
"904",2020-11-03,305205,2312,1736,6900,13,14
"905",2020-11-02,302893,2593,1610,6887,12,14
"906",2020-11-01,300300,1347,1458,6875,18,14
"907",2020-10-31,298953,1440,1381,6857,13,14
"908",2020-10-30,297513,1620,1330,6844,9,14
"909",2020-10-29,295893,1468,1297,6835,18,16
"910",2020-10-28,294425,1372,1279,6817,13,15
"911",2020-10-27,293053,1430,1296,6804,17,15
"912",2020-10-26,291623,1531,1301,6787,13,15
"913",2020-10-25,290092,807,1327,6774,16,16
"914",2020-10-24,289285,1085,1318,6758,14,15
"915",2020-10-23,288200,1383,1312,6744,20,14
"916",2020-10-22,286817,1348,1296,6724,14,14
"917",2020-10-21,285469,1488,1292,6710,14,14
"918",2020-10-20,283981,1468,1262,6696,14,15
"919",2020-10-19,282513,1708,1227,6682,17,16
"920",2020-10-18,280805,748,1188,6665,9,15
"921",2020-10-17,280057,1041,1186,6656,12,16
"922",2020-10-16,279016,1274,1199,6644,20,16
"923",2020-10-15,277742,1315,1191,6624,14,14
"924",2020-10-14,276427,1278,1171,6610,17,15
"925",2020-10-13,275149,1222,1168,6593,20,16
"926",2020-10-12,273927,1437,1149,6573,15,16
"927",2020-10-11,272490,733,1142,6558,15,16
"928",2020-10-10,271757,1133,1137,6543,9,16
"929",2020-10-09,270624,1218,1104,6534,10,17
"930",2020-10-08,269406,1174,1078,6524,22,17
"931",2020-10-07,268232,1256,1084,6502,22,15
"932",2020-10-06,266976,1093,1075,6480,16,14
"933",2020-10-05,265883,1388,1076,6464,16,13
"934",2020-10-04,264495,694,1042,6448,18,14
"935",2020-10-03,263801,905,1030,6430,12,14
"936",2020-10-02,262896,1038,1011,6418,11,15
"937",2020-10-01,261858,1214,1008,6407,13,16
"938",2020-09-30,260644,1193,980,6394,14,17
"939",2020-09-29,259451,1103,959,6380,10,19
"940",2020-09-28,258348,1149,956,6370,20,20
"941",2020-09-27,257199,609,965,6350,19,20
"942",2020-09-26,256590,771,965,6331,20,19
"943",2020-09-25,255819,1018,960,6311,17,19
"944",2020-09-24,254801,1015,945,6294,19,18
"945",2020-09-23,253786,1051,937,6275,28,18
"946",2020-09-22,252735,1081,942,6247,19,17
"947",2020-09-21,251654,1212,933,6228,16,17
"948",2020-09-20,250442,604,918,6212,15,18
"949",2020-09-19,249838,742,910,6197,16,18
"950",2020-09-18,249096,907,898,6181,14,19
"951",2020-09-17,248189,962,903,6167,19,20
"952",2020-09-16,247227,1083,887,6148,20,21
"953",2020-09-15,246144,1020,865,6128,21,22
"954",2020-09-14,245124,1111,865,6107,18,23
"955",2020-09-13,244013,542,795,6089,19,25
"956",2020-09-12,243471,660,792,6070,20,25
"957",2020-09-11,242811,945,776,6050,26,25
"958",2020-09-10,241866,851,762,6024,25,26
"959",2020-09-09,241015,924,772,5999,28,26
"960",2020-09-08,240091,1024,790,5971,28,25
"961",2020-09-07,239067,622,796,5943,26,25
"962",2020-09-06,238445,515,866,5917,22,26
"963",2020-09-05,237930,552,880,5895,22,28
"964",2020-09-04,237378,843,915,5873,31,29
"965",2020-09-03,236535,922,932,5842,24,28
"966",2020-09-02,235613,1051,945,5818,23,29
"967",2020-09-01,234562,1066,978,5795,28,30
"968",2020-08-31,233496,1116,1013,5767,31,31
"969",2020-08-30,232380,608,1082,5736,34,30
"970",2020-08-29,231772,797,1085,5702,35,29
"971",2020-08-28,230975,967,1094,5667,24,29
"972",2020-08-27,230008,1009,1126,5643,31,31
"973",2020-08-26,228999,1282,1164,5612,28,32
"974",2020-08-25,227717,1312,1158,5584,31,34
"975",2020-08-24,226405,1599,1178,5553,26,34
"976",2020-08-23,224806,631,1165,5527,30,36
"977",2020-08-22,224175,859,1179,5497,36,37
"978",2020-08-21,223316,1193,1216,5461,34,36
"979",2020-08-20,222123,1269,1233,5427,37,36
"980",2020-08-19,220854,1241,1244,5390,45,35
"981",2020-08-18,219613,1456,1273,5345,29,34
"982",2020-08-17,218157,1503,1284,5316,39,36
"983",2020-08-16,216654,729,1351,5277,37,37
"984",2020-08-15,215925,1119,1370,5240,33,37
"985",2020-08-14,214806,1314,1412,5207,33,37
"986",2020-08-13,213492,1349,1510,5174,31,37
"987",2020-08-12,212143,1438,1585,5143,34,38
"988",2020-08-11,210705,1533,1648,5109,43,38
"989",2020-08-10,209172,1978,1708,5066,46,40
"990",2020-08-09,207194,857,1712,5020,40,39
"991",2020-08-08,206337,1415,1716,4980,35,39
"992",2020-08-07,204922,1999,1730,4945,33,40
"993",2020-08-06,202923,1874,1724,4912,37,41
"994",2020-08-05,201049,1880,1734,4875,35,42
"995",2020-08-04,199169,1954,1772,4840,51,43
"996",2020-08-03,197215,2007,1821,4789,42,40
"997",2020-08-02,195208,881,1882,4747,39,40
"998",2020-08-01,194327,1518,1908,4708,46,41
"999",2020-07-31,192809,1954,1970,4662,39,41
"1000",2020-07-30,190855,1946,2038,4623,41,41
"1001",2020-07-29,188909,2146,2125,4582,40,41
"1002",2020-07-28,186763,2293,2217,4542,33,42
"1003",2020-07-27,184470,2436,2295,4509,43,44
"1004",2020-07-26,182034,1063,2413,4466,44,44
"1005",2020-07-25,180971,1953,2454,4422,46,43
"1006",2020-07-24,179018,2431,2493,4376,39,41
"1007",2020-07-23,176587,2550,2585,4337,40,41
"1008",2020-07-22,174037,2796,2680,4297,52,41
"1009",2020-07-21,171241,2839,2710,4245,46,39
"1010",2020-07-20,168402,3259,2739,4199,41,39
"1011",2020-07-19,165143,1348,2741,4158,37,41
"1012",2020-07-18,163795,2227,2776,4121,32,40
"1013",2020-07-17,161568,3078,2784,4089,36,41
"1014",2020-07-16,158490,3210,2790,4053,44,41
"1015",2020-07-15,155280,3006,2763,4009,38,40
"1016",2020-07-14,152274,3047,2812,3971,47,39
"1017",2020-07-13,149227,3268,2860,3924,56,37
"1018",2020-07-12,145959,1598,2819,3868,30,34
"1019",2020-07-11,144361,2278,2834,3838,34,36
"1020",2020-07-10,142083,3123,2712,3804,40,35
"1021",2020-07-09,138960,3021,2534,3764,32,34
"1022",2020-07-08,135939,3351,2536,3732,36,35
"1023",2020-07-07,132588,3381,2537,3696,33,34
"1024",2020-07-06,129207,2980,2458,3663,35,35
"1025",2020-07-05,126227,1705,2465,3628,39,35
"1026",2020-07-04,124522,1422,2456,3589,29,35
"1027",2020-07-03,123100,1878,2548,3560,33,34
"1028",2020-07-02,121222,3032,2654,3527,41,34
"1029",2020-07-01,118190,3361,2593,3486,30,31
"1030",2020-06-30,114829,2825,2508,3456,38,33
"1031",2020-06-29,112004,3034,2496,3418,32,30
"1032",2020-06-28,108970,1642,2453,3386,40,30
"1033",2020-06-27,107328,2065,2430,3346,24,29
"1034",2020-06-26,105263,2622,2401,3322,30,31
"1035",2020-06-25,102641,2601,2331,3292,26,32
"1036",2020-06-24,100040,2770,2264,3266,39,33
"1037",2020-06-23,97270,2741,2184,3227,22,33
"1038",2020-06-22,94529,2728,2089,3205,31,33
"1039",2020-06-21,91801,1480,2018,3174,30,33
"1040",2020-06-20,90321,1868,1948,3144,40,33
"1041",2020-06-19,88453,2127,1871,3104,37,31
"1042",2020-06-18,86326,2131,1794,3067,29,30
"1043",2020-06-17,84195,2216,1697,3038,40,30
"1044",2020-06-16,81979,2075,1604,2998,24,28
"1045",2020-06-15,79904,2231,1505,2974,32,30
"1046",2020-06-14,77673,990,1417,2942,29,31
"1047",2020-06-13,76683,1329,1378,2913,29,31
"1048",2020-06-12,75354,1587,1346,2884,30,32
"1049",2020-06-11,73767,1453,1317,2854,25,34
"1050",2020-06-10,72314,1566,1327,2829,26,37
"1051",2020-06-09,70748,1382,1295,2803,37,40
"1052",2020-06-08,69366,1612,1300,2766,38,39
"1053",2020-06-07,67754,719,1246,2728,35,39
"1054",2020-06-06,67035,1101,1213,2693,36,38
"1055",2020-06-05,65934,1384,1187,2657,40,39
"1056",2020-06-04,64550,1527,1204,2617,46,38
"1057",2020-06-03,63023,1340,1167,2571,45,36
"1058",2020-06-02,61683,1417,1176,2526,30,36
"1059",2020-06-01,60266,1233,1217,2496,41,38
"1060",2020-05-31,59033,489,1178,2455,31,36
"1061",2020-05-30,58544,916,1182,2424,37,37
"1062",2020-05-29,57628,1503,1158,2387,33,37
"1063",2020-05-28,56125,1272,1082,2354,32,38
"1064",2020-05-27,54853,1403,1035,2322,50,38
"1065",2020-05-26,53450,1703,999,2272,41,35
"1066",2020-05-25,51747,961,890,2231,28,36
"1067",2020-05-24,50786,515,920,2203,39,38
"1068",2020-05-23,50271,749,925,2164,35,38
"1069",2020-05-22,49522,972,927,2129,43,41
"1070",2020-05-21,48550,940,948,2086,28,41
"1071",2020-05-20,47610,1150,992,2058,30,41
"1072",2020-05-19,46460,944,963,2028,48,43
"1073",2020-05-18,45516,1173,987,1980,46,43
"1074",2020-05-17,44343,550,990,1934,38,41
"1075",2020-05-16,43793,763,995,1896,52,40
"1076",2020-05-15,43030,1118,987,1844,43,40
"1077",2020-05-14,41912,1245,971,1801,33,41
"1078",2020-05-13,40667,946,929,1768,43,43
"1079",2020-05-12,39721,1117,938,1725,48,45
"1080",2020-05-11,38604,1188,955,1677,28,43
"1081",2020-05-10,37416,586,914,1649,32,45
"1082",2020-05-09,36830,710,899,1617,52,47
"1083",2020-05-08,36120,1003,899,1565,50,47
"1084",2020-05-07,35117,953,889,1515,50,45
"1085",2020-05-06,34164,1006,884,1465,52,44
"1086",2020-05-05,33158,1236,882,1413,37,42
"1087",2020-05-04,31922,907,843,1376,44,45
"1088",2020-05-03,31015,475,869,1332,44,44
"1089",2020-05-02,30540,714,888,1288,49,44
"1090",2020-05-01,29826,931,914,1239,36,42
"1091",2020-04-30,28895,920,927,1203,45,43
"1092",2020-04-29,27975,991,935,1158,42,44
"1093",2020-04-28,26984,963,905,1116,54,45
"1094",2020-04-27,26021,1091,893,1062,37,43
"1095",2020-04-26,24930,605,873,1025,42,44
"1096",2020-04-25,24325,899,857,983,39,43
"1097",2020-04-24,23426,1021,816,944,44,43
"1098",2020-04-23,22405,972,790,900,51,43
"1099",2020-04-22,21433,786,760,849,47,44
"1100",2020-04-21,20647,874,769,802,40,42
"1101",2020-04-20,19773,954,740,762,47,43
"1102",2020-04-19,18819,494,701,715,36,42
"1103",2020-04-18,18325,609,694,679,38,42
"1104",2020-04-17,17716,840,675,641,39,41
"1105",2020-04-16,16876,762,638,602,58,40
"1106",2020-04-15,16114,849,611,544,35,36
"1107",2020-04-14,15265,670,577,509,47,37
"1108",2020-04-13,14595,685,580,462,41,34
"1109",2020-04-12,13910,440,559,421,37,31
"1110",2020-04-11,13470,478,580,384,30,29
"1111",2020-04-10,12992,581,596,354,30,27
"1112",2020-04-09,12411,573,625,324,35,27
"1113",2020-04-08,11838,611,631,289,40,25
"1114",2020-04-07,11227,694,632,249,25,22
"1115",2020-04-06,10533,536,625,224,17,21
"1116",2020-04-05,9997,590,637,207,23,20
"1117",2020-04-04,9407,589,606,184,21,19
"1118",2020-04-03,8818,784,578,163,26,17
"1119",2020-04-02,8034,616,520,137,23,15
"1120",2020-04-01,7418,616,485,114,19,12
"1121",2020-03-31,6802,644,458,95,17,10
"1122",2020-03-30,6158,621,406,78,11,8
"1123",2020-03-29,5537,374,361,67,15,8
"1124",2020-03-28,5163,389,345,52,8,6
"1125",2020-03-27,4774,378,318,44,9,5
"1126",2020-03-26,4396,372,302,35,4,4
"1127",2020-03-25,4024,430,280,31,7,4
"1128",2020-03-24,3594,281,246,24,3,3
"1129",2020-03-23,3313,304,236,21,7,3
"1130",2020-03-22,3009,260,225,14,4,2
"1131",2020-03-21,2749,199,213,10,3,1
"1132",2020-03-20,2550,265,205,7,3,1
"1133",2020-03-19,2285,219,189,4,4,1
"1134",2020-03-18,2066,192,181,0,0,0
"1135",2020-03-17,1874,212,173,0,0,0
"1136",2020-03-16,1662,230,156,0,0,0
"1137",2020-03-15,1432,171,136,0,0,0
"1138",2020-03-14,1261,148,119,0,0,0
"1139",2020-03-13,1113,153,104,0,0,0
"1140",2020-03-12,960,163,88,0,0,0
"1141",2020-03-11,797,131,70,0,0,0
"1142",2020-03-10,666,99,54,0,0,0
"1143",2020-03-09,567,90,41,0,0,0
"1144",2020-03-08,477,49,31,0,0,0
"1145",2020-03-07,428,41,28,0,0,0
"1146",2020-03-06,387,43,NA,0,0,NA
"1147",2020-03-05,344,34,NA,0,0,NA
"1148",2020-03-04,310,19,NA,0,0,NA
"1149",2020-03-03,291,13,NA,0,0,NA
"1150",2020-03-02,278,19,NA,0,0,NA
"1151",2020-03-01,259,25,NA,0,0,NA
